Alphanum,Order
AzOH,1111
AzOH2,1112
Blank,2000
TL-7-[970] + Di-LN-[650],999
TL-8-[1000] + GM3-[460],999
TL-10-[760] + 3'S-Di-Lex-[410],999
TL-11-[780] + (Man)3-[350],999
DiN3-7 + A tetra type 1-[700],999
DiN3-9 + AzOH-[950],999
DiN3-10 + AzOH-[950],999
Tri-AN3-1 + GM3-[190],999
Tri-BN3-1 + GM3-[1190],999
Tri-BN3-4 + 3'STri-LN-[160],999
Tri-BN3-5 + 3'S-Di-LN-[1350],999
Tri-BN3-6 + 6SLN-Lec-[300],999
Ty-176,1
###X04M2,2
PZ-10048,3
PZ-8015,4
Man3,6
M5,7
PZ-5080,9
D9,10
D10,12
D8,14
Tr59,15
Tr61,16
Tr260,17
Tr60,18
Tr62,19
D21,20
Tr54,21
Tr55,22
Tr307,23
Te72,24
Te272,25
Te289,27
Te327,28
Te302,29
Te100,30
Di-N3,31
Tr120,32
Tr116,33
Tr117,34
Tri-AN3,35
Tri-AN3-1,36
Tri-AN3-2,37
Tri-AN3-3,38
Tri-AN3-4,39
Tri-AN3-5,40
Tri-AN3-6,41
Tri-AN3-7,42
Tri-AN3-8,43
Tri-AN3-9,44
Tri-AN3-10,45
Tr57,46
Tr58,47
Te258,48
Te223,49
Te225,50
Te259,51
Te224,52
Te222,53
Te221,54
Te262,55
Te134,57
Te135,58
Te101,59
Te212,60
Te287,61
Te319,62
Te286,63
Te102,85
Te267,86
Te75,87
Te74,88
Te201,89
Te303,90
Te325,91
Te304,92
Te193,93
Tr34,94
Tr32,95
Tr268,96
Te321,97
Te288,98
Te320,99
Te175,100
Te192,101
Tr41,102
Tr39,103
Tr40,104
Tr48,105
Tr47,106
Tr35,107
Tr36,110
Tr43,129
Tr269,130
Te324,131
Te176,132
Te78,133
Te79,134
Te119,135
Te97,136
Te306,137
Te305,138
Galf2,139
Galf3,140
Galf4,141
Galf4-low1,142
Galf4-mid1,143
X01L1,1
X01L2,2
X01M2,3
X01M1,4
X01N2,5
X01N1,6
X02L1,7
X02L2,8
X02M1,9
X02NG,10
X02M2,11
X02N2,12
X02N1,13
X03L2,14
X03L1,15
X03M1,16
X03M2,17
X03MC,18
X03N2,19
X03N1,20
X04L2,21
X04L1,22
X04M2,23
X04M1,24
X04N1,25
X04N2,26
X05L2,27
X05L1,28
X05M2,29
X05M1,30
X05N2,31
X05N1,32
X06L2,33
X06L1,34
X06M1,35
X06M2,36
X06NG,37
X06N2,38
X06N1,39
X07L1,42.5
X07L2,41
X07M1,42
X07M2,43
X07N2,44
X07N1,45
X08L1,46
X08L2,49
X08M2,48
X08M1,49
X08N1,50
X08N2,51
X09L2,55
X09N2,58
X09L1,56.5
X09M2,55
X09M1,56
X09N1,57
TL-IV-71,-199
TL-IV-93,-198
TL-IV-61,-197
TL-IV-111,-196
TL-IV-121,-195
TL-IV-45,-194
TL-IV-47,-193
TL-IV-115,-192
TL-IV-75,-191
TL-IV-67,-190
TL-III-155-1,-189
TL-IV-69,-188
TL-IV-89,-187
TL-IV-87,-186
TL-IV-81,-185
TL-IV-85,-184
TL-IV-83,-183
TL-III-189-2,-182
TL-IV-135,-181
TL-V-19,-180
TL-IV-136,-179
TL-III-107,-178
TL-III-115,-177
TL-IV-137,-176
TL-IV-117,-175
TL-IV-138,-174
TL-IV-139,-173
TL-IV-140,-172
TL-IV-141,-171
TL-IV-142,-170
TL-IV-143,-169
TL-III-113,-168
TL-IV-144,-167
TL-IV-150,-166
TL-IV-151,-165
TL-IV-152,-164
TL-IV-153,-163
TL-III-143,-162
TL-IV-154,-161
Tri-BN3-1,401
Tri-BN3-2,402
Tri-BN3-3,403
Tri-BN3-4,404
Tri-BN3-5,405
Tri-BN3-6,406
Tri-BN3-7,407
Tri-BN3-8,408
Tri-BN3-9,409
Tri-BN3-10,410
DiN3-1,301
DiN3-2,302
DiN3-3,303
DiN3-4,304
DiN3-5,305
DiN3-6,306
DiN3-7,307
DiN3-8,308
DiN3-9,309
DiN3-10,310
Azidoethanol-1,1001
Azidoethanol-2,1002
Azidoethanol-3,1003
Azidoethanol-4,1004
Azidoethanol-5,1005
Azidoethanol-6,1006
Azidoethanol-7,1007
Azidoethanol-8,1008
Azidoethanol-9,1009
Azidoethanol-10,1010
